name,date
â€œThe Basement ğŸ‘£â¤ï¸ğŸ‘£  â™Šï¸â€,2024-03-03
â€œThe Gaming Basement ğŸ‘£â¤ï¸ğŸ‘£â€,2024-03-06
â€œThe Gaming Basement ğŸ‘£ğŸ®ğŸ‘£â€,2024-03-09
â€œThe Warzone Basement ğŸ‘£ğŸ®ğŸ‘£â€,2024-03-12
â€œThe Warzone Gulag ğŸ‘£ğŸ®ğŸ‘£â€,2024-03-15
â€œThe Warzone Gulag ğŸ¤¡â€,2024-03-18
â€œThe Gaming Basement ğŸ•¹ï¸ğŸ‘¾â€,2024-03-21
â€œThe Gulag ğŸ•¹ï¸â˜ ï¸â€,2024-03-24
â€œThe Gulag BitchesğŸ•¹ï¸â˜ ï¸â€,2024-03-27
â€œThe Gulag Drunks ğŸ•¹ï¸â˜ ï¸â€,2024-03-30
â€œThe AC Happy Place ğŸ•¹ï¸â˜ ï¸â€,2024-04-02
â€œThe Gaming Basement ğŸ•¹ï¸â˜ ï¸â€,2024-04-05
â€œThe Feeding Basement ğŸ•¹ï¸â˜ ï¸â€,2024-04-08
â€œThe JoJo Basement ğŸ•¹ï¸â˜ ï¸â€,2024-04-11
â€œThe JoJo Basement ğŸ’â€,2024-04-14
â€œThe Hotbox ğŸ’â€,2024-04-17
â€œThe Hotbox ğŸ”¥â€,2024-04-20
â€œThe Gaming Basement â˜ ğŸ®â€,2024-04-23
â€œThe NordVPN Basement â˜ ğŸ®â€,2024-04-26
â€œThe ParagonBR Basement â˜ ğŸ®â€,2024-04-29
â€œThe Warzone Basement â˜ ğŸ®â€,2024-05-02
â€œğŸ® The Gaming Basementâ€,2024-05-05
â€œğŸ® Luigi's Basementâ€,2024-05-08
â€œğŸ® Nick's coffinâ€,2024-05-11
â€œğŸ¥› The Soyboy Loungeâ€,2024-05-14
â€œğŸ¥› The Spice Worldâ€,2024-05-17
â€œğŸ¥› Fabio's Spice Worldâ€,2024-05-20
â€œğŸŒ¶ï¸ Fabio's Spice Worldâ€,2024-05-23
â€œNick's Gaming Revolutionâ€,2024-05-26
â€œMammamia Pizzeria Luigiâ€,2024-05-29
â€œThe Gaming Basementâ€,2024-06-01
â€œThe Shitposting Basementâ€,2024-06-04
â€œThe Horny Basementâ€,2024-06-07
â€œThe Gaming Basementâ€,2024-06-10
â€œThe Health Basementâ€,2024-06-13
â€œThe Giving BJs Basementâ€,2024-06-16
â€œThe Namechanging Basementâ€,2024-06-19
â€œThe Biploar Basementâ€,2024-06-22
â€œThe Fuck-Off Basementâ€,2024-06-25
â€œThe Bipolar Basementâ€,2024-06-28
â€œThe NGR Basementâ€,2024-07-01
â€œThe Gaming Revl. Basementâ€,2024-07-04
â€œThe Nigga Basementâ€,2024-07-07
â€œThe Neger Basementâ€,2024-07-10
â€œThe NGR Basementâ€,2024-07-13
â€œThe Gaming Basementâ€,2024-07-16
â€œPUA Sebas&FriendsBasementâ€,2024-07-19
â€œThe Incel Basementâ€,2024-07-22
â€œThe PUA + Incels Basementâ€,2024-07-25
â€œThe Gaming Basementâ€,2024-07-28
â€œThe Simpin' Basementâ€,2024-07-31
â€œThe Roasting Basementâ€,2024-08-03
â€œThe Pedo Basementâ€,2024-08-06
â€œThe Haming Basementâ€,2024-08-09
â€œThe Porking Basementâ€,2024-08-12
â€œThe Gaming Basementâ€,2024-08-15
â€œThe Big Gayâ€,2024-08-18
â€œThe Big Banning Basementâ€,2024-08-21
â€œThe ChillingNice Basementâ€,2024-08-24
â€œThe Drama Basementâ€,2024-08-27
â€œThe Golf Basementâ€,2024-08-30
â€œThe Boomer Basementâ€,2024-09-02
â€œThe Horny Procrastinatorsâ€,2024-09-05
â€œThe Banana Boxâ€,2024-09-08
deel 2,2024-09-11
â€œThe Shit Boxâ€,2024-09-14
â€œGameposting Hentai ğŸ‘…ğŸ’¦ğŸ®â€,2024-09-17
â€œThe Gaming Basement ğŸ®â™¦ï¸â™£ï¸â€,2024-09-20
â€œ2The Gaming Basement ğŸ®â™¦ï¸â™£ï¸â€,2024-09-23
â€œThe Gaming Basement ğŸ®â™¦ï¸â™£ï¸â€,2024-09-26
â€œThe No Mouse Basement ğŸ®â™¦ï¸â™£ï¸â€,2024-09-29
â€œDe geen Engels kelder âŒğŸ‡ºğŸ‡¸ğŸ‡¬ğŸ‡§â€,2024-10-02
â€œStier kelder âŒğŸ‡ºğŸ‡¸ğŸ‡¬ğŸ‡§ğŸ‚â€,2024-10-05
â€œMonique&Sebas kelder âŒğŸ‡ºğŸ‡¸ğŸ‡¬ğŸ‡§ğŸ‚â€,2024-10-08
â€œğŸ‚Sebas de stier kelder âŒğŸ‚â€,2024-10-11
â€œğŸ‚ âŒDe stier kelder âŒğŸ‚â€,2024-10-14
â€œğŸ‘©â€ğŸ”¬ğŸ‰ Hanneke's Birtday BasementğŸ¥³ğŸ‰â€,2024-10-17
â€œSauna Saggy Balls Basementâ€,2024-10-20
â€œSauna Saggy Balls Basement ğŸ«§â€,2024-10-23
â€œErik's ğŸ« Salty âš½ Basementâ€,2024-10-26
â€œErik's ğŸ« Salty âš½âš½ Basementâ€,2024-10-29
â€œğŸ® Sala de Juegos en el SÃ³tano â˜ ï¸â€,2024-11-01
â€œğŸ® El gaming SÃ³tano â˜ ï¸â€,2024-11-04
â€œ15/4ğŸ® El gaming SÃ³tano â˜ ï¸â€,2024-11-07
â€œ9/11ğŸ® El gaming SÃ³tano â˜ ï¸â€,2024-11-10
â€œ9/11 ğŸ® Clapping Jasmijn Basementâ€,2024-11-13
â€œ9/11 ğŸ® Clapping Basement ğŸ‘â€,2024-11-16
â€œ3/6 ğŸ® BBQ day ğŸ‘â€,2024-11-19
â€œ3/7 ğŸ® BBQ day ğŸ‘â€,2024-11-22
â€œ8/7 ğŸ® BBQ day ğŸ‘â€,2024-11-25
â€œTomorrow 14:30 ğŸ® BBQ day ğŸ‘â€,2024-11-28
â€œToday14:30 ğŸ® BBQ day ğŸ‘â€,2024-12-01
â€œğŸ® BBQ day ğŸ‘ without Lorenzoâ€,2024-12-04
â€œğŸ® BBQ day ğŸ‘ without or without Lorenzoâ€,2024-12-07
â€œ2/9ğŸ® The Gaming BasementğŸ‘ without or without Lorenzoâ€,2024-12-10
â€œ16/9ğŸ® The Gaming BasementğŸ‘ without or without Lorenzoâ€,2024-12-13
â€œ28/10ğŸ® The Gaming BasementğŸ‘ without or without Lorenzoâ€,2024-12-16
Nederlandse Kelder,2024-12-19
Nederlandse Kelder (alweer),2024-12-22
Kerst Kelder ğŸ…,2024-12-26
Nakerst Kelder ğŸ…,2024-12-27
Nieuwjaar Kelder ğŸ…,2024-12-29
Nieuwjaar Kelder ğŸ‡,2024-12-29
Valentineâ€™s Kelder ğŸ‡,2025-01-23
The hungry basement,2025-01-24
The Hungry Basement,2025-01-24
The Spanish Basement,2025-02-15
The Latinx Basement,2025-02-15
The Latine Basement,2025-02-15
The Chinese Basement,2025-02-15
The Democratic % Basement,2025-04-10
The % Basement,2025-05-21
The Daily Dose Basement,2025-05-25
The Shitpost Basement,2025-05-27
The Basement,2025-05-29
The Boob Basement,2025-05-29
The Tiddy Basement,2025-05-30
The Tidy Basement,2025-06-02
The Tidy Basement,2025-06-02
